name,log_dynamic_range
feature.0,1.2007138
feature.3,1.6266825
feature.7,2.1038036
feature.10,2.1038036
feature.14,2.1038036
feature.17,2.1038036
feature.20,2.1038036
feature.23,2.1038036
feature.27,2.1038036
feature.30,2.1038036
feature.33,2.1038036
feature.36,2.1038036
feature.40,2.1038036
feature.43,1.2007138
feature.46,1.2587056
feature.49,1.3256525
classifier,0.3878004
