name,sparsity
1,0.9782057823129252
3,0.9827333333333333
5,0.954
