name,log_dynamic_range
1,2.1038036
3,1.8027737
5,0.67244
