name,sparsity
1.weight,0.978171768707483
3.weight,0.9827333333333333
5.weight,0.954
