name,log_dynamic_range
feature.0,1.3256525
feature.3,1.8027737
feature.7,2.1038036
feature.10,2.1038039
feature.14,2.1038039
feature.17,2.1038036
feature.20,2.1038036
feature.23,2.1038036
feature.27,2.1038036
feature.30,2.1038036
feature.33,2.1038036
feature.36,2.1038039
feature.40,2.1038039
feature.43,2.1038039
feature.46,2.1038036
feature.49,2.1038036
classifier,0.5475012
